Log ID,Timestamp (UTC),Event Type,Severity,Actor Role,Actor ID,Invoice ID,Current Hash,Previous Hash
ca32d640-76b3-4460-ab0e-1facdc7bf625,2026-10-08T06:44:12.959879+00:00,HISTORICAL_BASELINE_SEEDED,INFO,SYSTEM,SYSTEM,INV-HIST-APEX-9821,eed8e8e179bb05b428d7a650f1fe9780b439ecb33e32f0105b6093b857aebc92,0000000000000000000000000000000000000000000000000000000000000000
f730dd6f-5f34-4046-b5d2-450f9f6e6152,2026-10-08T06:44:12.966038+00:00,HISTORICAL_BASELINE_SEEDED,INFO,SYSTEM,SYSTEM,INV-HIST-ABC-1042,30bffdbaafcb2b5286b184be0e5c558d8abe4191c51e443f8a6a43c36bef3947,eed8e8e179bb05b428d7a650f1fe9780b439ecb33e32f0105b6093b857aebc92
2f21ba72-fbcb-4d2f-8be1-924063b44cb6,2026-10-08T06:44:13.009791+00:00,DOCUMENT_INTAKE_UPLOAD,INFO,FINANCE_OPERATOR,USR-OP-DEMO,268e32b9-9aa7-4b6b-b383-c6a30a365b8b,1d3c41b298121f6a0d21d2bc1161f5290ef3dc1f768da6a0ed7b217d24040e6b,30bffdbaafcb2b5286b184be0e5c558d8abe4191c51e443f8a6a43c36bef3947
54b5e6a7-9eca-462b-943b-53ed7a1a25a5,2026-10-08T06:44:13.011314+00:00,DUPLICATE_COLLISION_FLAGGED,CRITICAL,SYSTEM,SYSTEM,268e32b9-9aa7-4b6b-b383-c6a30a365b8b,f75d5a0150f09453f9619f91ea7cae6e467dbff746a6fe8e94d2c2c34a61d52d,1d3c41b298121f6a0d21d2bc1161f5290ef3dc1f768da6a0ed7b217d24040e6b
fb095864-557d-436a-9524-4c7dfd9ba160,2026-10-08T06:44:13.013441+00:00,DISCREPANCY_TAX_RATE_MISMATCH,HIGH,SYSTEM,SYSTEM,268e32b9-9aa7-4b6b-b383-c6a30a365b8b,3fb5650bbec5c2c1238dd169184ab8b6cd015109c7895430e6c124c42fe40df4,f75d5a0150f09453f9619f91ea7cae6e467dbff746a6fe8e94d2c2c34a61d52d
3a78392c-b382-4a9a-8d3a-482a5bbc7809,2026-10-08T06:44:13.015315+00:00,DISCREPANCY_AMOUNT_ANOMALY,MEDIUM,SYSTEM,SYSTEM,268e32b9-9aa7-4b6b-b383-c6a30a365b8b,b5e2d4f8b028abd948a284e30f3939835a6a327eaf6dffdc44ebdff01568c825,3fb5650bbec5c2c1238dd169184ab8b6cd015109c7895430e6c124c42fe40df4
4fc26818-69d0-4930-b23f-1453c5478265,2026-10-08T06:44:13.016898+00:00,INITIAL_AUDIT_STATE_DETERMINED,CRITICAL,SYSTEM,SYSTEM,268e32b9-9aa7-4b6b-b383-c6a30a365b8b,b02f454afb8134a962f21c61b564b2e89b792de45595adbf220a4d5257325495,b5e2d4f8b028abd948a284e30f3939835a6a327eaf6dffdc44ebdff01568c825
88874d6f-9855-4bb8-81d3-ec30bb0d8448,2026-10-08T06:44:13.025931+00:00,AUDITOR_INVOICE_BLOCKED,CRITICAL,CHIEF_AUDITOR,USR-AUD-DEMO,268e32b9-9aa7-4b6b-b383-c6a30a365b8b,d36056249485e5485194d40ac63cc9fe5aab700c749f99350f10bcfbe77c910b,b02f454afb8134a962f21c61b564b2e89b792de45595adbf220a4d5257325495
a4b19bcd-082c-44d3-b038-4f5ef135fc5a,2026-10-08T06:44:47.181958+00:00,USER_AUTHENTICATED,INFO,FINANCE_OPERATOR,USR-OP-001,N/A,aa5af808ed84b55a895ac896bd4f09b328daffcbcde0cd55d0f3908bc3f5ed54,d36056249485e5485194d40ac63cc9fe5aab700c749f99350f10bcfbe77c910b
763dc41d-acf4-485c-8c48-7ad4331ac128,2026-10-08T06:44:47.197515+00:00,VENDOR_REGISTERED,INFO,FINANCE_OPERATOR,USR-OP-001,N/A,e869a8a51c1edcc2556f4cae66301b05f3dff322ac948ccd020eef154a383669,aa5af808ed84b55a895ac896bd4f09b328daffcbcde0cd55d0f3908bc3f5ed54
bf9820be-dd4c-4147-b83f-0e7c86ab643e,2026-10-08T06:45:21.532442+00:00,USER_AUTHENTICATED,INFO,FINANCE_OPERATOR,USR-OP-DEMO,N/A,d5437f8f82907605381211fca064fce43ef9081896d2f3918bfb46c38b232aef,e869a8a51c1edcc2556f4cae66301b05f3dff322ac948ccd020eef154a383669
b3a49f46-1d5d-44a3-8121-bee65d20e8dd,2026-10-08T06:45:21.638981+00:00,DOCUMENT_INTAKE_UPLOAD,INFO,FINANCE_OPERATOR,USR-OP-DEMO,37c6d152-bd91-423c-9e44-68a615d51090,90f57e31beeefefb4688de6ad66fcd81118fd1d8889a3e6ef5a9622ce0e98b7f,d5437f8f82907605381211fca064fce43ef9081896d2f3918bfb46c38b232aef
d8e5406a-4476-4a01-9bb8-6b44e45a0484,2026-10-08T06:45:21.643989+00:00,DUPLICATE_COLLISION_FLAGGED,CRITICAL,SYSTEM,SYSTEM,37c6d152-bd91-423c-9e44-68a615d51090,24de9e081bfa18d90c19bdf196f6981de98f93817782ad682b1b46b1b78e5cd3,90f57e31beeefefb4688de6ad66fcd81118fd1d8889a3e6ef5a9622ce0e98b7f
a45346e4-0521-4c7b-a1f1-1949c0b60ff2,2026-10-08T06:45:21.648562+00:00,DISCREPANCY_TAX_RATE_MISMATCH,HIGH,SYSTEM,SYSTEM,37c6d152-bd91-423c-9e44-68a615d51090,69ebaa04eecf428c47a8d30a08c427112942d0485c452de25bd4946a13fa4c1a,24de9e081bfa18d90c19bdf196f6981de98f93817782ad682b1b46b1b78e5cd3
a61b518e-bc5a-4f42-a9d8-8ab5fec95974,2026-10-08T06:45:21.652772+00:00,DISCREPANCY_AMOUNT_ANOMALY,MEDIUM,SYSTEM,SYSTEM,37c6d152-bd91-423c-9e44-68a615d51090,29fe3100eff8879016311995112fd8e627c00296f847c2c950c082841f771e6b,69ebaa04eecf428c47a8d30a08c427112942d0485c452de25bd4946a13fa4c1a
b7b3fd5c-a0f6-42af-adff-ab3d27717b90,2026-10-08T06:45:21.658771+00:00,INITIAL_AUDIT_STATE_DETERMINED,CRITICAL,SYSTEM,SYSTEM,37c6d152-bd91-423c-9e44-68a615d51090,271e07b493a7211d7cc8ecfa98e5091ff530df34d76e1274258ec86286cace54,29fe3100eff8879016311995112fd8e627c00296f847c2c950c082841f771e6b
483bc361-cf23-41f7-ba7e-a9fce3726269,2026-10-08T06:45:21.785517+00:00,USER_AUTHENTICATED,INFO,CHIEF_AUDITOR,USR-AUD-DEMO,N/A,7d2c6dc0ecc8f90f70b9c9c047552ce54e1d62e2cff40ee39f1c9d267f19075c,271e07b493a7211d7cc8ecfa98e5091ff530df34d76e1274258ec86286cace54
2910e5f5-6356-494a-afd4-887752eceabd,2026-10-08T06:45:21.806883+00:00,AUDITOR_INVOICE_BLOCKED,CRITICAL,CHIEF_AUDITOR,USR-AUD-DEMO,37c6d152-bd91-423c-9e44-68a615d51090,095b951fc7663fd3b938919d89ff84ebe4efe5b423d5d3a51cd580dc6e8cbeab,7d2c6dc0ecc8f90f70b9c9c047552ce54e1d62e2cff40ee39f1c9d267f19075c
